strength,lightness,saturation,r,g,b,delta
0,0,0,0.03,0,0,0
0,0,0.0666667,0.03,0,0,0
0,0,0.133333,0.03,0,0,0
0,0,0.2,0.03,0,0,0
0,0,0.266667,0.03,0,0,0
0,0,0.333333,0.03,0,0,0
0,0,0.4,0.03,0,0,0
0,0,0.466667,0.03,0,0,0
0,0,0.533333,0.03,0,0,0
0,0,0.6,0.03,0,0,0
0,0,0.666667,0.03,0,0,0
0,0,0.733333,0.03,0,0,0
0,0,0.8,0.03,0,0,0
0,0,0.866667,0.03,0,0,0
0,0,0.933333,0.03,0,0,0
0,0,1,0.03,0,0,0
0,0.0666667,0,0.0966667,0.0566667,0.0466667,0
0,0.0666667,0.0666667,0.0602222,0.0711852,0.0751111,0
0,0.0666667,0.133333,0.0557778,0.0697037,0.0795556,0
0,0.0666667,0.2,0.0513333,0.0682222,0.084,0
0,0.0666667,0.266667,0.0468889,0.0667407,0.0884444,0
0,0.0666667,0.333333,0.0424444,0.0652593,0.0928889,0
0,0.0666667,0.4,0.038,0.0637778,0.0973333,0
0,0.0666667,0.466667,0.0335556,0.0622963,0.101778,0
0,0.0666667,0.533333,0.0291111,0.0608148,0.106222,0
0,0.0666667,0.6,0.0246667,0.0593333,0.110667,0
0,0.0666667,0.666667,0.0202222,0.0578519,0.115111,0
0,0.0666667,0.733333,0.0157778,0.0563704,0.119556,0
0,0.0666667,0.8,0.0113333,0.0548889,0.124,0
0,0.0666667,0.866667,0.00688889,0.0534074,0.128444,0
0,0.0666667,0.933333,0.00244445,0.0519259,0.132889,0
0,0.0666667,1,0.03,0.0344445,0.113333,0
0,0.133333,0,0.163333,0.123333,0.113333,0
0,0.133333,0.0666667,0.122444,0.13637,0.146222,0
0,0.133333,0.133333,0.113556,0.133407,0.155111,0
0,0.133333,0.2,0.104667,0.130444,0.164,0
0,0.133333,0.266667,0.0957778,0.127481,0.172889,0
0,0.133333,0.333333,0.0868889,0.124519,0.181778,0
0,0.133333,0.4,0.078,0.121556,0.190667,0
0,0.133333,0.466667,0.0691111,0.118593,0.199556,0
0,0.133333,0.533333,0.0602222,0.11563,0.208444,0
0,0.133333,0.6,0.0513333,0.112667,0.217333,0
0,0.133333,0.666667,0.0424445,0.109704,0.226222,0
0,0.133333,0.733333,0.0335556,0.106741,0.235111,0
0,0.133333,0.8,0.0246667,0.103778,0.244,0
0,0.133333,0.866667,0.0157778,0.100815,0.252889,0
0,0.133333,0.933333,0.0068889,0.0978519,0.261778,0
0,0.133333,1,0.03,0.0788889,0.246667,0
0,0.2,0,0.23,0.19,0.18,0
0,0.2,0.0666667,0.184667,0.201556,0.217333,0
0,0.2,0.133333,0.171333,0.197111,0.230667,0
0,0.2,0.2,0.158,0.192667,0.244,0
0,0.2,0.266667,0.144667,0.188222,0.257333,0
0,0.2,0.333333,0.131333,0.183778,0.270667,0
0,0.2,0.4,0.118,0.179333,0.284,0
0,0.2,0.466667,0.104667,0.174889,0.297333,0
0,0.2,0.533333,0.0913333,0.170444,0.310667,0
0,0.2,0.6,0.078,0.166,0.324,0
0,0.2,0.666667,0.0646667,0.161556,0.337333,0
0,0.2,0.733333,0.0513333,0.157111,0.350667,0
0,0.2,0.8,0.038,0.152667,0.364,0
0,0.2,0.866667,0.0246667,0.148222,0.377333,0
0,0.2,0.933333,0.0113334,0.143778,0.390667,0
0,0.2,1,0.03,0.123333,0.38,0
0,0.266667,0,0.296667,0.256667,0.246667,0
0,0.266667,0.0666667,0.246889,0.266741,0.288444,0
0,0.266667,0.133333,0.229111,0.260815,0.306222,0
0,0.266667,0.2,0.211333,0.254889,0.324,0
0,0.266667,0.266667,0.193556,0.248963,0.341778,0
0,0.266667,0.333333,0.175778,0.243037,0.359556,0
0,0.266667,0.4,0.158,0.237111,0.377333,0
0,0.266667,0.466667,0.140222,0.231185,0.395111,0
0,0.266667,0.533333,0.122444,0.225259,0.412889,0
0,0.266667,0.6,0.104667,0.219333,0.430667,0
0,0.266667,0.666667,0.0868889,0.213407,0.448444,0
0,0.266667,0.733333,0.0691111,0.207481,0.466222,0
0,0.266667,0.8,0.0513333,0.201556,0.484,0
0,0.266667,0.866667,0.0335556,0.19563,0.501778,0
0,0.266667,0.933333,0.0157778,0.189704,0.519556,0
0,0.266667,1,0.03,0.167778,0.513333,0
0,0.333333,0,0.363333,0.323333,0.313333,0
0,0.333333,0.0666667,0.309111,0.331926,0.359556,0
0,0.333333,0.133333,0.286889,0.324519,0.381778,0
0,0.333333,0.2,0.264667,0.317111,0.404,0
0,0.333333,0.266667,0.242444,0.309704,0.426222,0
0,0.333333,0.333333,0.220222,0.302296,0.448444,0
0,0.333333,0.4,0.198,0.294889,0.470667,0
0,0.333333,0.466667,0.175778,0.287482,0.492889,0
0,0.333333,0.533333,0.153556,0.280074,0.515111,0
0,0.333333,0.6,0.131333,0.272667,0.537333,0
0,0.333333,0.666667,0.109111,0.265259,0.559556,0
0,0.333333,0.733333,0.0868889,0.257852,0.581778,0
0,0.333333,0.8,0.0646667,0.250444,0.604,0
0,0.333333,0.866667,0.0424444,0.243037,0.626222,0
0,0.333333,0.933333,0.0202222,0.23563,0.648444,0
0,0.333333,1,0.03,0.212222,0.646667,0
0,0.4,0,0.43,0.39,0.38,0
0,0.4,0.0666667,0.371333,0.397111,0.430667,0
0,0.4,0.133333,0.344667,0.388222,0.457333,0
0,0.4,0.2,0.318,0.379333,0.484,0
0,0.4,0.266667,0.291333,0.370444,0.510667,0
0,0.4,0.333333,0.264667,0.361556,0.537333,0
0,0.4,0.4,0.238,0.352667,0.564,0
0,0.4,0.466667,0.211333,0.343778,0.590667,0
0,0.4,0.533333,0.184667,0.334889,0.617333,0
0,0.4,0.6,0.158,0.326,0.644,0
0,0.4,0.666667,0.131333,0.317111,0.670667,0
0,0.4,0.733333,0.104667,0.308222,0.697333,0
0,0.4,0.8,0.078,0.299333,0.724,0
0,0.4,0.866667,0.0513333,0.290444,0.750667,0
0,0.4,0.933333,0.0246667,0.281556,0.777333,0
0,0.4,1,0.03,0.256667,0.78,0
0,0.466667,0,0.496667,0.456667,0.446667,0
0,0.466667,0.0666667,0.433556,0.462296,0.501778,0
0,0.466667,0.133333,0.402444,0.451926,0.532889,0
0,0.466667,0.2,0.371333,0.441556,0.564,0
0,0.466667,0.266667,0.340222,0.431185,0.595111,0
0,0.466667,0.333333,0.309111,0.420815,0.626222,0
0,0.466667,0.4,0.278,0.410444,0.657333,0
0,0.466667,0.466667,0.246889,0.400074,0.688444,0
0,0.466667,0.533333,0.215778,0.389704,0.719556,0
0,0.466667,0.6,0.184667,0.379333,0.750667,0
0,0.466667,0.666667,0.153556,0.368963,0.781778,0
0,0.466667,0.733333,0.122444,0.358593,0.812889,0
0,0.466667,0.8,0.0913333,0.348222,0.844,0
0,0.466667,0.866667,0.0602222,0.337852,0.875111,0
0,0.466667,0.933333,0.0291111,0.327482,0.906222,0
0,0.466667,1,0.03,0.301111,0.913333,0
0,0.533333,0,0.563333,0.523333,0.513333,0
0,0.533333,0.0666667,0.500222,0.528963,0.568444,0
0,0.533333,0.133333,0.469111,0.518593,0.599556,0
0,0.533333,0.2,0.438,0.508222,0.630667,0
0,0.533333,0.266667,0.406889,0.497852,0.661778,0
0,0.533333,0.333333,0.375778,0.487482,0.692889,0
0,0.533333,0.4,0.344667,0.477111,0.724,0
0,0.533333,0.466667,0.313556,0.466741,0.755111,0
0,0.533333,0.533333,0.282444,0.45637,0.786222,0
0,0.533333,0.6,0.251333,0.446,0.817333,0
0,0.533333,0.666667,0.220222,0.43563,0.848444,0
0,0.533333,0.733333,0.189111,0.425259,0.879556,0
0,0.533333,0.8,0.158,0.414889,0.910667,0
0,0.533333,0.866667,0.126889,0.404519,0.941778,0
0,0.533333,0.933333,0.0957778,0.394148,0.972889,0
0,0.533333,1,0.0966667,0.367778,0.98,0
0,0.6,0,0.63,0.59,0.58,0
0,0.6,0.0666667,0.571333,0.597111,0.630667,0
0,0.6,0.133333,0.544667,0.588222,0.657333,0
0,0.6,0.2,0.518,0.579333,0.684,0
0,0.6,0.266667,0.491333,0.570444,0.710667,0
0,0.6,0.333333,0.464667,0.561556,0.737333,0
0,0.6,0.4,0.438,0.552667,0.764,0
0,0.6,0.466667,0.411333,0.543778,0.790667,0
0,0.6,0.533333,0.384667,0.534889,0.817333,0
0,0.6,0.6,0.358,0.526,0.844,0
0,0.6,0.666667,0.331333,0.517111,0.870667,0
0,0.6,0.733333,0.304667,0.508222,0.897333,0
0,0.6,0.8,0.278,0.499333,0.924,0
0,0.6,0.866667,0.251333,0.490444,0.950667,0
0,0.6,0.933333,0.224667,0.481556,0.977333,0
0,0.6,1,0.23,0.456667,0.98,0
0,0.666667,0,0.696667,0.656667,0.646667,0
0,0.666667,0.0666667,0.642444,0.665259,0.692889,0
0,0.666667,0.133333,0.620222,0.657852,0.715111,0
0,0.666667,0.2,0.598,0.650444,0.737333,0
0,0.666667,0.266667,0.575778,0.643037,0.759556,0
0,0.666667,0.333333,0.553556,0.63563,0.781778,0
0,0.666667,0.4,0.531333,0.628222,0.804,0
0,0.666667,0.466667,0.509111,0.620815,0.826222,0
0,0.666667,0.533333,0.486889,0.613407,0.848445,0
0,0.666667,0.6,0.464667,0.606,0.870667,0
0,0.666667,0.666667,0.442444,0.598593,0.892889,0
0,0.666667,0.733333,0.420222,0.591185,0.915111,0
0,0.666667,0.8,0.398,0.583778,0.937333,0
0,0.666667,0.866667,0.375778,0.57637,0.959556,0
0,0.666667,0.933333,0.353556,0.568963,0.981778,0
0,0.666667,1,0.363333,0.545556,0.98,0
0,0.733333,0,0.763333,0.723333,0.713333,0
0,0.733333,0.0666667,0.713556,0.733407,0.755111,0
0,0.733333,0.133333,0.695778,0.727481,0.772889,0
0,0.733333,0.2,0.678,0.721556,0.790667,0
0,0.733333,0.266667,0.660222,0.71563,0.808444,0
0,0.733333,0.333333,0.642444,0.709704,0.826222,0
0,0.733333,0.4,0.624667,0.703778,0.844,0
0,0.733333,0.466667,0.606889,0.697852,0.861778,0
0,0.733333,0.533333,0.589111,0.691926,0.879556,0
0,0.733333,0.6,0.571333,0.686,0.897333,0
0,0.733333,0.666667,0.553556,0.680074,0.915111,0
0,0.733333,0.733333,0.535778,0.674148,0.932889,0
0,0.733333,0.8,0.518,0.668222,0.950667,0
0,0.733333,0.866667,0.500222,0.662296,0.968444,0
0,0.733333,0.933333,0.482444,0.65637,0.986222,0
0,0.733333,1,0.496667,0.634444,0.98,0
0,0.8,0,0.83,0.79,0.78,0
0,0.8,0.0666667,0.784667,0.801556,0.817333,0
0,0.8,0.133333,0.771333,0.797111,0.830667,0
0,0.8,0.2,0.758,0.792667,0.844,0
0,0.8,0.266667,0.744667,0.788222,0.857333,0
0,0.8,0.333333,0.731333,0.783778,0.870667,0
0,0.8,0.4,0.718,0.779333,0.884,0
0,0.8,0.466667,0.704667,0.774889,0.897333,0
0,0.8,0.533333,0.691333,0.770444,0.910667,0
0,0.8,0.6,0.678,0.766,0.924,0
0,0.8,0.666667,0.664667,0.761556,0.937333,0
0,0.8,0.733333,0.651333,0.757111,0.950667,0
0,0.8,0.8,0.638,0.752667,0.964,0
0,0.8,0.866667,0.624667,0.748222,0.977333,0
0,0.8,0.933333,0.611333,0.743778,0.990667,0
0,0.8,1,0.63,0.723333,0.98,0
0,0.866667,0,0.896667,0.856667,0.846667,0
0,0.866667,0.0666667,0.855778,0.869704,0.879556,0
0,0.866667,0.133333,0.846889,0.866741,0.888444,0
0,0.866667,0.2,0.838,0.863778,0.897333,0
0,0.866667,0.266667,0.829111,0.860815,0.906222,0
0,0.866667,0.333333,0.820222,0.857852,0.915111,0
0,0.866667,0.4,0.811333,0.854889,0.924,0
0,0.866667,0.466667,0.802444,0.851926,0.932889,0
0,0.866667,0.533333,0.793556,0.848963,0.941778,0
0,0.866667,0.6,0.784667,0.846,0.950667,0
0,0.866667,0.666667,0.775778,0.843037,0.959556,0
0,0.866667,0.733333,0.766889,0.840074,0.968444,0
0,0.866667,0.8,0.758,0.837111,0.977333,0
0,0.866667,0.866667,0.749111,0.834148,0.986222,0
0,0.866667,0.933333,0.740222,0.831185,0.995111,0
0,0.866667,1,0.763333,0.812222,0.98,0
0,0.933333,0,0.963333,0.923333,0.913333,0
0,0.933333,0.0666667,0.918889,0.937852,0.941778,0
0,0.933333,0.133333,0.914444,0.93637,0.946222,0
0,0.933333,0.2,0.91,0.934889,0.950667,0
0,0.933333,0.266667,0.905556,0.933407,0.955111,0
0,0.933333,0.333333,0.901111,0.931926,0.959556,0
0,0.933333,0.4,0.896667,0.930444,0.964,0
0,0.933333,0.466667,0.892222,0.928963,0.968444,0
0,0.933333,0.533333,0.887778,0.927481,0.972889,0
0,0.933333,0.6,0.883333,0.926,0.977333,0
0,0.933333,0.666667,0.878889,0.924519,0.981778,0
0,0.933333,0.733333,0.874444,0.923037,0.986222,0
0,0.933333,0.8,0.87,0.921556,0.990667,0
0,0.933333,0.866667,0.865556,0.920074,0.995111,0
0,0.933333,0.933333,0.861111,0.918593,0.999556,0
0,0.933333,1,0.896667,0.901111,0.98,0
0,1,0,1,0.99,0.98,0
0,1,0.0666667,1,0.99,0.98,0
0,1,0.133333,1,0.99,0.98,0
0,1,0.2,1,0.99,0.98,0
0,1,0.266667,1,0.99,0.98,0
0,1,0.333333,1,0.99,0.98,0
0,1,0.4,1,0.99,0.98,0
0,1,0.466667,1,0.99,0.98,0
0,1,0.533333,1,0.99,0.98,0
0,1,0.6,1,0.99,0.98,0
0,1,0.666667,1,0.99,0.98,0
0,1,0.733333,1,0.99,0.98,0
0,1,0.8,1,0.99,0.98,0
0,1,0.866667,1,0.99,0.98,0
0,1,0.933333,1,0.99,0.98,0
0,1,1,1,0.99,0.98,0
0.5,0,0,0.03,0,0,0
0.5,0,0.0666667,0.03,0,0,0
0.5,0,0.133333,0.03,0,0,0
0.5,0,0.2,0.03,0,0,0
0.5,0,0.266667,0.03,0,0,0
0.5,0,0.333333,0.03,0,0,0
0.5,0,0.4,0.03,0,0,0
0.5,0,0.466667,0.03,0,0,0
0.5,0,0.533333,0.03,0,0,0
0.5,0,0.6,0.03,0,0,0
0.5,0,0.666667,0.03,0,0,0
0.5,0,0.733333,0.03,0,0,0
0.5,0,0.8,0.03,0,0,0
0.5,0,0.866667,0.03,0,0,0
0.5,0,0.933333,0.03,0,0,0
0.5,0,1,0.03,0,0,0
0.5,0.0666667,0,0.0966667,0.0566667,0.0466667,0
0.5,0.0666667,0.0666667,0.0565154,0.072167,0.0768755,0.00370681
0.5,0.0666667,0.133333,0.0520386,0.0706412,0.0812684,0.00373913
0.5,0.0666667,0.2,0.0475616,0.0691145,0.0856597,0.00377172
0.5,0.0666667,0.266667,0.0430873,0.0675862,0.0900491,0.00380157
0.5,0.0666667,0.333333,0.0385477,0.0660711,0.0944512,0.00389675
0.5,0.0666667,0.4,0.0341098,0.0645778,0.0988758,0.00389022
0.5,0.0666667,0.466667,0.0297164,0.0630887,0.103305,0.00383915
0.5,0.0666667,0.533333,0.0253256,0.061599,0.107735,0.00378556
0.5,0.0666667,0.6,0.0209369,0.0601086,0.112164,0.00372978
0.5,0.0666667,0.666667,0.016551,0.0586174,0.116594,0.00367119
0.5,0.0666667,0.733333,0.0121679,0.0571251,0.121023,0.00360987
0.5,0.0666667,0.8,0.00778761,0.055632,0.125453,0.00354573
0.5,0.0666667,0.866667,0.00341036,0.0541376,0.129883,0.00347853
0.5,0.0666667,0.933333,0,0.0528746,0.132532,0.00244445
0.5,0.0666667,1,0.03,0.0344445,0.113333,0
0.5,0.133333,0,0.163333,0.123333,0.113333,0
0.5,0.133333,0.0666667,0.118727,0.137382,0.148018,0.00371712
0.5,0.133333,0.133333,0.109792,0.134362,0.15684,0.00376313
0.5,0.133333,0.2,0.100858,0.131339,0.165659,0.003809
0.5,0.133333,0.266667,0.0919228,0.128315,0.174475,0.00385494
0.5,0.133333,0.333333,0.0829878,0.125289,0.183289,0.00390109
0.5,0.133333,0.4,0.0740527,0.122262,0.192102,0.00394727
0.5,0.133333,0.466667,0.0651171,0.119234,0.200913,0.00399405
0.5,0.133333,0.533333,0.0561798,0.116204,0.209724,0.00404241
0.5,0.133333,0.6,0.0472402,0.113173,0.218536,0.00409314
0.5,0.133333,0.666667,0.0382359,0.11015,0.227357,0.00420858
0.5,0.133333,0.733333,0.0294285,0.107166,0.236223,0.00412701
0.5,0.133333,0.8,0.0206674,0.104183,0.245093,0.00399926
0.5,0.133333,0.866667,0.0119115,0.101198,0.253965,0.00386626
0.5,0.133333,0.933333,0.00315977,0.0982106,0.262837,0.00372913
0.5,0.133333,1,0.03,0.0788889,0.246667,0
0.5,0.2,0,0.23,0.19,0.18,0
0.5,0.2,0.0666667,0.180946,0.202582,0.219145,0.00372085
0.5,0.2,0.133333,0.167559,0.198073,0.232403,0.00377384
0.5,0.2,0.2,0.154173,0.193562,0.245658,0.00382718
0.5,0.2,0.266667,0.140786,0.189049,0.25891,0.00388032
0.5,0.2,0.333333,0.1274,0.184534,0.272159,0.00393359
0.5,0.2,0.4,0.114013,0.180017,0.285407,0.00398735
0.5,0.2,0.466667,0.100625,0.175499,0.298653,0.00404202
0.5,0.2,0.533333,0.0872341,0.170979,0.3119,0.00409921
0.5,0.2,0.6,0.0738388,0.166457,0.325147,0.00416123
0.5,0.2,0.666667,0.0604345,0.161935,0.338396,0.00423215
0.5,0.2,0.733333,0.0470145,0.157412,0.351649,0.00431883
0.5,0.2,0.8,0.0335731,0.152911,0.364929,0.00442688
0.5,0.2,0.866667,0.0204261,0.14844,0.378248,0.00424056
0.5,0.2,0.933333,0.00728396,0.143967,0.391568,0.00404939
0.5,0.2,1,0.03,0.123333,0.38,0
0.5,0.266667,0,0.296667,0.256667,0.246667,0
0.5,0.266667,0.0666667,0.243166,0.267776,0.290265,0.00372255
0.5,0.266667,0.133333,0.225331,0.261781,0.307964,0.00377995
0.5,0.266667,0.2,0.207496,0.255785,0.325658,0.00383747
0.5,0.266667,0.266667,0.18966,0.249786,0.343349,0.0038954
0.5,0.266667,0.333333,0.171825,0.243785,0.361037,0.00395325
0.5,0.266667,0.4,0.153989,0.237781,0.378723,0.0040113
0.5,0.266667,0.466667,0.136151,0.231776,0.396409,0.00407118
0.5,0.266667,0.533333,0.11831,0.225769,0.414094,0.00413459
0.5,0.266667,0.6,0.100463,0.219761,0.431781,0.00420394
0.5,0.266667,0.666667,0.0826024,0.213751,0.449471,0.00428648
0.5,0.266667,0.733333,0.0647201,0.207742,0.467166,0.00439097
0.5,0.266667,0.8,0.0467972,0.201732,0.484866,0.0045361
0.5,0.266667,0.866667,0.0289457,0.195752,0.502604,0.00460982
0.5,0.266667,0.933333,0.0114082,0.189794,0.520373,0.00436958
0.5,0.266667,1,0.03,0.167778,0.513333,0
0.5,0.333333,0,0.363333,0.323333,0.313333,0
0.5,0.333333,0.0666667,0.305388,0.332966,0.361383,0.00372359
0.5,0.333333,0.133333,0.283105,0.325488,0.383523,0.00378433
0.5,0.333333,0.2,0.260822,0.318007,0.405658,0.00384456
0.5,0.333333,0.266667,0.238539,0.310524,0.42779,0.00390512
0.5,0.333333,0.333333,0.216256,0.303038,0.449919,0.0039663
0.5,0.333333,0.4,0.193972,0.29555,0.472046,0.00402787
0.5,0.333333,0.466667,0.171687,0.28806,0.494172,0.0040912
0.5,0.333333,0.533333,0.149397,0.280568,0.516298,0.00415841
0.5,0.333333,0.6,0.127099,0.273074,0.538427,0.0042344
0.5,0.333333,0.666667,0.104786,0.265579,0.560559,0.00432491
0.5,0.333333,0.733333,0.0824442,0.258084,0.582696,0.00444468
0.5,0.333333,0.8,0.0600496,0.250589,0.60484,0.00461703
0.5,0.333333,0.866667,0.0374999,0.243098,0.626996,0.00494457
0.5,0.333333,0.933333,0.0155249,0.235655,0.64921,0.00469731
0.5,0.333333,1,0.03,0.212222,0.646667,0
0.5,0.4,0,0.43,0.39,0.38,0
0.5,0.4,0.0666667,0.367609,0.398155,0.432498,0.00372434
0.5,0.4,0.133333,0.34088,0.389194,0.45908,0.00378683
0.5,0.4,0.2,0.31415,0.38023,0.485658,0.0038496
0.5,0.4,0.266667,0.287421,0.371263,0.512232,0.00391278
0.5,0.4,0.333333,0.260691,0.362293,0.538802,0.00397578
0.5,0.4,0.4,0.23396,0.353321,0.565371,0.0040395
0.5,0.4,0.466667,0.207228,0.344347,0.591939,0.00410551
0.5,0.4,0.533333,0.18049,0.335371,0.618508,0.00417623
0.5,0.4,0.6,0.153744,0.326393,0.645079,0.00425577
0.5,0.4,0.666667,0.12698,0.317414,0.671654,0.00435296
0.5,0.4,0.733333,0.100183,0.308435,0.698235,0.00448412
0.5,0.4,0.8,0.0733193,0.299456,0.724823,0.00468069
0.5,0.4,0.866667,0.0463216,0.290477,0.75142,0.00501176
0.5,0.4,0.933333,0.0196327,0.281536,0.778065,0.00503395
0.5,0.4,1,0.03,0.256667,0.78,0
0.5,0.466667,0,0.496667,0.456667,0.446667,0
0.5,0.466667,0.0666667,0.429831,0.463344,0.503612,0.00372452
0.5,0.466667,0.133333,0.398655,0.4529,0.534638,0.00378916
0.5,0.466667,0.2,0.36748,0.442452,0.565658,0.00385305
0.5,0.466667,0.266667,0.336304,0.432002,0.596675,0.00391805
0.5,0.466667,0.333333,0.305128,0.421549,0.627687,0.00398302
0.5,0.466667,0.4,0.273952,0.411094,0.658699,0.00404805
0.5,0.466667,0.466667,0.242772,0.400636,0.689709,0.00411651
0.5,0.466667,0.533333,0.211588,0.390177,0.72072,0.00418961
0.5,0.466667,0.6,0.180395,0.379715,0.751734,0.00427207
0.5,0.466667,0.666667,0.149181,0.369253,0.782753,0.00437495
0.5,0.466667,0.733333,0.117927,0.35879,0.813777,0.00451737
0.5,0.466667,0.8,0.0866,0.348328,0.84481,0.00473333
0.5,0.466667,0.866667,0.0551136,0.337866,0.875852,0.00510863
0.5,0.466667,0.933333,0.0237281,0.32743,0.90693,0.00538305
0.5,0.466667,1,0.03,0.301111,0.913333,0
0.5,0.533333,0,0.563333,0.523333,0.513333,0
0.5,0.533333,0.0666667,0.496505,0.530022,0.570292,0.00371742
0.5,0.533333,0.133333,0.465337,0.519586,0.601328,0.00377414
0.5,0.533333,0.2,0.434168,0.509149,0.63236,0.00383171
0.5,0.533333,0.266667,0.403,0.498709,0.663388,0.0038892
0.5,0.533333,0.333333,0.371831,0.488266,0.694414,0.00394639
0.5,0.533333,0.4,0.340662,0.477822,0.725437,0.00400481
0.5,0.533333,0.466667,0.309492,0.467376,0.756459,0.00406367
0.5,0.533333,0.533333,0.27832,0.456927,0.787481,0.00412416
0.5,0.533333,0.6,0.247143,0.446478,0.818503,0.00419042
0.5,0.533333,0.666667,0.21596,0.436026,0.849528,0.00426224
0.5,0.533333,0.733333,0.184763,0.425574,0.880556,0.00434861
0.5,0.533333,0.8,0.15354,0.415122,0.911588,0.00446042
0.5,0.533333,0.866667,0.122272,0.404669,0.942626,0.00461718
0.5,0.533333,0.933333,0.0909221,0.394217,0.973671,0.0048557
0.5,0.533333,1,0.0966667,0.367778,0.98,0
0.5,0.6,0,0.63,0.59,0.58,0
0.5,0.6,0.0666667,0.56763,0.598187,0.632534,0.00370342
0.5,0.6,0.133333,0.540919,0.589249,0.659144,0.00374758
0.5,0.6,0.2,0.514208,0.580309,0.685751,0.00379217
0.5,0.6,0.266667,0.487497,0.571368,0.712357,0.00383645
0.5,0.6,0.333333,0.460786,0.562425,0.738959,0.0038808
0.5,0.6,0.4,0.434074,0.553482,0.765561,0.0039255
0.5,0.6,0.466667,0.407363,0.544536,0.79216,0.00397018
0.5,0.6,0.533333,0.380652,0.53559,0.818759,0.00401494
0.5,0.6,0.6,0.353938,0.526643,0.845357,0.00406149
0.5,0.6,0.666667,0.327226,0.517694,0.871955,0.00410736
0.5,0.6,0.733333,0.300511,0.508744,0.898552,0.00415593
0.5,0.6,0.8,0.273792,0.499794,0.925151,0.004208
0.5,0.6,0.866667,0.247069,0.490843,0.951752,0.00426483
0.5,0.6,0.933333,0.220337,0.481891,0.978354,0.00433007
0.5,0.6,1,0.23,0.456667,0.98,0
0.5,0.666667,0,0.696667,0.656667,0.646667,0
0.5,0.666667,0.0666667,0.638752,0.666349,0.694772,0.00369215
0.5,0.666667,0.133333,0.616496,0.658905,0.716952,0.00372607
0.5,0.666667,0.2,0.594241,0.65146,0.739131,0.00375932
0.5,0.666667,0.266667,0.571985,0.644014,0.761308,0.00379276
0.5,0.666667,0.333333,0.549729,0.636567,0.783484,0.00382632
0.5,0.666667,0.4,0.527473,0.629119,0.805658,0.00386024
0.5,0.666667,0.466667,0.505217,0.621671,0.827831,0.00389439
0.5,0.666667,0.533333,0.48296,0.614222,0.850004,0.0039286
0.5,0.666667,0.6,0.460705,0.606772,0.872176,0.00396216
0.5,0.666667,0.666667,0.438448,0.599321,0.894347,0.00399649
0.5,0.666667,0.733333,0.416192,0.59187,0.916517,0.00402993
0.5,0.666667,0.8,0.393934,0.584418,0.938687,0.00406581
0.5,0.666667,0.866667,0.371678,0.576965,0.960857,0.00410014
0.5,0.666667,0.933333,0.349419,0.569512,0.983028,0.00413665
0.5,0.666667,1,0.363333,0.545556,0.98,0
0.5,0.733333,0,0.763333,0.723333,0.713333,0
0.5,0.733333,0.0666667,0.709872,0.734509,0.757007,0.00368345
0.5,0.733333,0.133333,0.69207,0.728556,0.774755,0.00370759
0.5,0.733333,0.2,0.674268,0.722603,0.792501,0.00373197
0.5,0.733333,0.266667,0.656466,0.716649,0.810247,0.00375664
0.5,0.733333,0.333333,0.638663,0.710695,0.827992,0.0037812
0.5,0.733333,0.4,0.620861,0.704741,0.845736,0.00380611
0.5,0.733333,0.466667,0.603058,0.698786,0.86348,0.00383091
0.5,0.733333,0.533333,0.585256,0.69283,0.881222,0.00385547
0.5,0.733333,0.6,0.567453,0.686875,0.898965,0.00388032
0.5,0.733333,0.666667,0.54965,0.680918,0.916707,0.00390571
0.5,0.733333,0.733333,0.531847,0.674962,0.934448,0.00393045
0.5,0.733333,0.8,0.514045,0.669005,0.952189,0.00395519
0.5,0.733333,0.866667,0.496241,0.663047,0.969929,0.00398082
0.5,0.733333,0.933333,0.478439,0.65709,0.987669,0.00400552
0.5,0.733333,1,0.496667,0.634444,0.98,0
0.5,0.8,0,0.83,0.79,0.78,0
0.5,0.8,0.0666667,0.780991,0.802667,0.819241,0.00367516
0.5,0.8,0.133333,0.767641,0.798204,0.832553,0.00369197
0.5,0.8,0.2,0.754291,0.793741,0.845865,0.0037092
0.5,0.8,0.266667,0.740941,0.789277,0.859177,0.00372577
0.5,0.8,0.333333,0.72759,0.784814,0.872488,0.00374335
0.5,0.8,0.4,0.71424,0.78035,0.885799,0.00376016
0.5,0.8,0.466667,0.70089,0.775886,0.89911,0.00377685
0.5,0.8,0.533333,0.687539,0.771422,0.91242,0.00379419
0.5,0.8,0.6,0.674188,0.766958,0.92573,0.00381178
0.5,0.8,0.666667,0.660837,0.762493,0.93904,0.00382924
0.5,0.8,0.733333,0.647487,0.758029,0.952349,0.00384623
0.5,0.8,0.8,0.634137,0.753564,0.965658,0.0038631
0.5,0.8,0.866667,0.620786,0.749098,0.978967,0.00388026
0.5,0.8,0.933333,0.607436,0.744633,0.992276,0.00389755
0.5,0.8,1,0.63,0.723333,0.98,0
0.5,0.866667,0,0.896667,0.856667,0.846667,0
0.5,0.866667,0.0666667,0.85211,0.870823,0.881472,0.00366807
0.5,0.866667,0.133333,0.84321,0.867849,0.890348,0.0036785
0.5,0.866667,0.2,0.834311,0.864875,0.899224,0.00368917
0.5,0.866667,0.266667,0.825411,0.8619,0.9081,0.0036999
0.5,0.866667,0.333333,0.816512,0.858926,0.916976,0.00371027
0.5,0.866667,0.4,0.807613,0.855951,0.925851,0.00372022
0.5,0.866667,0.466667,0.798713,0.852976,0.934727,0.00373101
0.5,0.866667,0.533333,0.789814,0.850001,0.943602,0.00374174
0.5,0.866667,0.6,0.780914,0.847027,0.952477,0.00375289
0.5,0.866667,0.666667,0.772015,0.844052,0.961352,0.00376278
0.5,0.866667,0.733333,0.763115,0.841077,0.970227,0.00377411
0.5,0.866667,0.8,0.754216,0.838102,0.979102,0.0037843
0.5,0.866667,0.866667,0.745316,0.835126,0.987976,0.00379503
0.5,0.866667,0.933333,0.736416,0.832151,0.996851,0.00380576
0.5,0.866667,1,0.763333,0.812222,0.98,0
0.5,0.933333,0,0.963333,0.923333,0.913333,0
0.5,0.933333,0.0666667,0.914617,0.939166,0.943889,0.00427145
0.5,0.933333,0.133333,0.910167,0.937679,0.948327,0.00427765
0.5,0.933333,0.2,0.905717,0.936191,0.952765,0.00428319
0.5,0.933333,0.266667,0.901267,0.934704,0.957203,0.00428843
0.5,0.933333,0.333333,0.896817,0.933216,0.961641,0.00429451
0.5,0.933333,0.4,0.892366,0.931728,0.966079,0.00430036
0.5,0.933333,0.466667,0.887916,0.930241,0.970517,0.00430608
0.5,0.933333,0.533333,0.883466,0.928753,0.974955,0.00431174
0.5,0.933333,0.6,0.879015,0.927265,0.979392,0.00431788
0.5,0.933333,0.666667,0.874565,0.925778,0.98383,0.00432348
0.5,0.933333,0.733333,0.870116,0.92429,0.988268,0.00432891
0.5,0.933333,0.8,0.865665,0.922803,0.992705,0.00433528
0.5,0.933333,0.866667,0.861215,0.921315,0.997143,0.00434077
0.5,0.933333,0.933333,0.85779,0.919714,1,0.00332123
0.5,0.933333,1,0.896667,0.901111,0.98,0
0.5,1,0,1,0.99,0.98,0
0.5,1,0.0666667,1,0.99,0.98,0
0.5,1,0.133333,1,0.99,0.98,0
0.5,1,0.2,1,0.99,0.98,0
0.5,1,0.266667,1,0.99,0.98,0
0.5,1,0.333333,1,0.99,0.98,0
0.5,1,0.4,1,0.99,0.98,0
0.5,1,0.466667,1,0.99,0.98,0
0.5,1,0.533333,1,0.99,0.98,0
0.5,1,0.6,1,0.99,0.98,0
0.5,1,0.666667,1,0.99,0.98,0
0.5,1,0.733333,1,0.99,0.98,0
0.5,1,0.8,1,0.99,0.98,0
0.5,1,0.866667,1,0.99,0.98,0
0.5,1,0.933333,1,0.99,0.98,0
0.5,1,1,1,0.99,0.98,0
1,0,0,0.03,0,0,0
1,0,0.0666667,0.03,0,0,0
1,0,0.133333,0.03,0,0,0
1,0,0.2,0.03,0,0,0
1,0,0.266667,0.03,0,0,0
1,0,0.333333,0.03,0,0,0
1,0,0.4,0.03,0,0,0
1,0,0.466667,0.03,0,0,0
1,0,0.533333,0.03,0,0,0
1,0,0.6,0.03,0,0,0
1,0,0.666667,0.03,0,0,0
1,0,0.733333,0.03,0,0,0
1,0,0.8,0.03,0,0,0
1,0,0.866667,0.03,0,0,0
1,0,0.933333,0.03,0,0,0
1,0,1,0.03,0,0,0
1,0.0666667,0,0.0966667,0.0566667,0.0466667,0
1,0.0666667,0.0666667,0.0526638,0.073126,0.0786332,0.00755847
1,0.0666667,0.133333,0.0481437,0.0715568,0.0829762,0.00763404
1,0.0666667,0.2,0.0436222,0.069986,0.0873155,0.00771113
1,0.0666667,0.266667,0.0390958,0.068412,0.0916506,0.0077931
1,0.0666667,0.333333,0.0346239,0.0668638,0.0960111,0.0078206
1,0.0666667,0.4,0.0302566,0.0653584,0.100416,0.0077434
1,0.0666667,0.466667,0.025915,0.0638615,0.104832,0.00764059
1,0.0666667,0.533333,0.021578,0.0623632,0.109246,0.0075331
1,0.0666667,0.6,0.0172461,0.0608635,0.113661,0.00742061
1,0.0666667,0.666667,0.0129194,0.0593621,0.118076,0.00730279
1,0.0666667,0.733333,0.00859826,0.0578589,0.122491,0.00717952
1,0.0666667,0.8,0.00428255,0.0563538,0.126907,0.00705078
1,0.0666667,0.866667,0,0.0548492,0.131298,0.00688889
1,0.0666667,0.933333,0,0.0542025,0.12813,0.00475886
1,0.0666667,1,0.03,0.0344445,0.113333,0
1,0.133333,0,0.163333,0.123333,0.113333,0
1,0.133333,0.0666667,0.114919,0.138378,0.14981,0.00752533
1,0.133333,0.133333,0.105929,0.1353,0.158565,0.00762606
1,0.133333,0.2,0.0969384,0.132219,0.167315,0.00772827
1,0.133333,0.266667,0.087946,0.129135,0.17606,0.00783173
1,0.133333,0.333333,0.0789515,0.126048,0.1848,0.00793738
1,0.133333,0.4,0.0699543,0.122957,0.193536,0.00804571
1,0.133333,0.466667,0.0609532,0.119865,0.202271,0.0081579
1,0.133333,0.533333,0.0519457,0.11677,0.211004,0.00827651
1,0.133333,0.6,0.0429284,0.113672,0.219738,0.00840491
1,0.133333,0.666667,0.0339864,0.110589,0.228491,0.00845807
1,0.133333,0.733333,0.0253241,0.107584,0.237334,0.0082315
1,0.133333,0.8,0.0166905,0.104581,0.246187,0.00797617
1,0.133333,0.866667,0.00806679,0.101574,0.255041,0.00771101
1,0.133333,0.933333,0,0.0987751,0.263079,0.0068889
1,0.133333,1,0.03,0.0788889,0.246667,0
1,0.2,0,0.23,0.19,0.18,0
1,0.2,0.0666667,0.177159,0.203596,0.220953,0.00750783
1,0.2,0.133333,0.163712,0.199023,0.234138,0.00762132
1,0.2,0.2,0.150264,0.194447,0.247315,0.00773618
1,0.2,0.266667,0.136814,0.189866,0.260486,0.00785252
1,0.2,0.333333,0.123363,0.185281,0.273652,0.00797058
1,0.2,0.4,0.109908,0.180693,0.286813,0.00809177
1,0.2,0.466667,0.0964491,0.176101,0.299973,0.00821752
1,0.2,0.533333,0.082981,0.171506,0.313133,0.00835236
1,0.2,0.6,0.0694983,0.16691,0.326294,0.00850175
1,0.2,0.666667,0.0559906,0.16231,0.33946,0.0086761
1,0.2,0.733333,0.0424401,0.15771,0.352632,0.00889323
1,0.2,0.8,0.0291617,0.153152,0.365859,0.00883831
1,0.2,0.866667,0.0162003,0.148655,0.379162,0.00846641
1,0.2,0.933333,0.00324902,0.144153,0.39247,0.00808433
1,0.2,1,0.03,0.123333,0.38,0
1,0.266667,0,0.296667,0.256667,0.246667,0
1,0.266667,0.0666667,0.239391,0.268801,0.292084,0.00749761
1,0.266667,0.133333,0.221493,0.262739,0.309704,0.00761843
1,0.266667,0.2,0.203593,0.256672,0.327315,0.00774041
1,0.266667,0.266667,0.185691,0.250601,0.34492,0.00786451
1,0.266667,0.333333,0.167788,0.244525,0.362519,0.00798982
1,0.266667,0.4,0.149881,0.238445,0.380113,0.00811887
1,0.266667,0.466667,0.131969,0.232361,0.397706,0.00825283
1,0.266667,0.533333,0.114047,0.226274,0.4153,0.00839711
1,0.266667,0.6,0.0961069,0.220184,0.432896,0.00855974
1,0.266667,0.666667,0.0781336,0.214092,0.450498,0.00875532
1,0.266667,0.733333,0.0601047,0.207999,0.468109,0.0090064
1,0.266667,0.8,0.0419715,0.201906,0.485731,0.00936184
1,0.266667,0.866667,0.024348,0.195872,0.503431,0.00920756
1,0.266667,0.933333,0.00704985,0.189882,0.52119,0.00872792
1,0.266667,1,0.03,0.167778,0.513333,0
1,0.333333,0,0.363333,0.323333,0.313333,0
1,0.333333,0.0666667,0.301621,0.333999,0.363208,0.00749055
1,0.333333,0.133333,0.279272,0.32645,0.385266,0.00761643
1,0.333333,0.2,0.256923,0.318896,0.407316,0.00774354
1,0.333333,0.266667,0.234572,0.311337,0.429357,0.00787205
1,0.333333,0.333333,0.212219,0.303774,0.451393,0.00800282
1,0.333333,0.4,0.189864,0.296205,0.473425,0.00813615
1,0.333333,0.466667,0.167502,0.288633,0.495455,0.0082759
1,0.333333,0.533333,0.145128,0.281057,0.517485,0.00842717
1,0.333333,0.6,0.122734,0.273478,0.53952,0.00859899
1,0.333333,0.666667,0.100302,0.265897,0.561562,0.0088094
1,0.333333,0.733333,0.0778002,0.258315,0.583615,0.00908866
1,0.333333,0.8,0.0551675,0.250732,0.60568,0.00949913
1,0.333333,0.866667,0.0325036,0.243158,0.627769,0.00994083
1,0.333333,0.933333,0.0108362,0.23568,0.649975,0.00938602
1,0.333333,1,0.03,0.212222,0.646667,0
1,0.4,0,0.43,0.39,0.38,0
1,0.4,0.0666667,0.363848,0.399193,0.434328,0.00748554
1,0.4,0.133333,0.337052,0.390159,0.460826,0.00761488
1,0.4,0.2,0.310254,0.38112,0.487316,0.00774559
1,0.4,0.266667,0.283455,0.372075,0.513797,0.00787818
1,0.4,0.333333,0.256654,0.363026,0.540271,0.00801226
1,0.4,0.4,0.229851,0.353971,0.566742,0.00814912
1,0.4,0.466667,0.203041,0.344912,0.593211,0.0082922
1,0.4,0.533333,0.176219,0.335849,0.619682,0.00844762
1,0.4,0.6,0.149374,0.326783,0.646157,0.00862631
1,0.4,0.666667,0.122486,0.317715,0.672641,0.00884777
1,0.4,0.733333,0.0955174,0.308646,0.699136,0.0091492
1,0.4,0.8,0.0683948,0.299577,0.725645,0.00960519
1,0.4,0.866667,0.040946,0.290509,0.752173,0.0103874
1,0.4,0.933333,0.0146078,0.281516,0.778796,0.0100589
1,0.4,1,0.03,0.256667,0.78,0
1,0.466667,0,0.496667,0.456667,0.446667,0
1,0.466667,0.0666667,0.426074,0.464385,0.505446,0.00748158
1,0.466667,0.133333,0.394831,0.453867,0.536386,0.00761357
1,0.466667,0.2,0.363586,0.443343,0.567316,0.00774705
1,0.466667,0.266667,0.33234,0.432814,0.598238,0.00788206
1,0.466667,0.333333,0.301092,0.422279,0.629152,0.00801879
1,0.466667,0.4,0.269842,0.411739,0.660064,0.00815827
1,0.466667,0.466667,0.238584,0.401195,0.690973,0.00830495
1,0.466667,0.533333,0.207314,0.390647,0.721885,0.00846389
1,0.466667,0.6,0.176019,0.380095,0.752802,0.0086475
1,0.466667,0.666667,0.144677,0.369542,0.783728,0.00887832
1,0.466667,0.733333,0.113247,0.358987,0.814666,0.0091976
1,0.466667,0.8,0.0816422,0.348432,0.84562,0.00969117
1,0.466667,0.866667,0.0496567,0.337879,0.876593,0.0105655
1,0.466667,0.933333,0.018354,0.327377,0.907637,0.0107571
1,0.466667,1,0.03,0.301111,0.913333,0
1,0.533333,0,0.563333,0.523333,0.513333,0
1,0.533333,0.0666667,0.492761,0.531075,0.572139,0.00746161
1,0.533333,0.133333,0.461532,0.520575,0.6031,0.00757912
1,0.533333,0.2,0.430303,0.51007,0.634053,0.00769749
1,0.533333,0.266667,0.399072,0.49956,0.664998,0.0078164
1,0.533333,0.333333,0.367841,0.489047,0.695938,0.00793701
1,0.533333,0.4,0.336608,0.478529,0.726874,0.00805905
1,0.533333,0.466667,0.305372,0.468007,0.757807,0.00818351
1,0.533333,0.533333,0.274131,0.457481,0.788739,0.00831312
1,0.533333,0.6,0.242878,0.446953,0.819673,0.00845498
1,0.533333,0.666667,0.211609,0.436421,0.850611,0.00861329
1,0.533333,0.733333,0.180306,0.425888,0.881556,0.00880465
1,0.533333,0.8,0.148946,0.415354,0.912509,0.00905454
1,0.533333,0.866667,0.117486,0.404819,0.943474,0.00940271
1,0.533333,0.933333,0.0858324,0.394285,0.974453,0.00994547
1,0.533333,1,0.0966667,0.367778,0.98,0
1,0.6,0,0.63,0.59,0.58,0
1,0.6,0.0666667,0.563902,0.599258,0.6344,0.00743121
1,0.6,0.133333,0.537145,0.590271,0.660954,0.00752205
1,0.6,0.2,0.510388,0.58128,0.687502,0.00761235
1,0.6,0.266667,0.48363,0.572287,0.714046,0.00770342
1,0.6,0.333333,0.456871,0.563291,0.740585,0.00779545
1,0.6,0.4,0.430112,0.554293,0.767121,0.00788802
1,0.6,0.466667,0.403352,0.545291,0.793654,0.00798118
1,0.6,0.533333,0.376591,0.536288,0.820185,0.00807574
1,0.6,0.6,0.349828,0.527282,0.846714,0.00817239
1,0.6,0.666667,0.323063,0.518274,0.873242,0.00827003
1,0.6,0.733333,0.296292,0.509264,0.899772,0.00837448
1,0.6,0.8,0.269514,0.500253,0.926303,0.00848627
1,0.6,0.866667,0.242725,0.491239,0.952837,0.00860846
1,0.6,0.933333,0.215915,0.482225,0.979374,0.0087513
1,0.6,1,0.23,0.456667,0.98,0
1,0.666667,0,0.696667,0.656667,0.646667,0
1,0.666667,0.0666667,0.635038,0.667435,0.696654,0.00740618
1,0.666667,0.133333,0.612747,0.659954,0.718792,0.0074749
1,0.666667,0.2,0.590457,0.65247,0.740927,0.00754279
1,0.666667,0.266667,0.568166,0.644986,0.763059,0.00761139
1,0.666667,0.333333,0.545875,0.637499,0.785189,0.00768048
1,0.666667,0.4,0.523584,0.630012,0.807316,0.00774974
1,0.666667,0.466667,0.501291,0.622523,0.829441,0.00782001
1,0.666667,0.533333,0.478998,0.615032,0.851564,0.00789046
1,0.666667,0.6,0.456706,0.60754,0.873685,0.00796086
1,0.666667,0.666667,0.434413,0.600046,0.895804,0.00803122
1,0.666667,0.733333,0.41212,0.592551,0.917923,0.00810251
1,0.666667,0.8,0.389824,0.585055,0.940041,0.00817606
1,0.666667,0.866667,0.367528,0.577558,0.962159,0.00824973
1,0.666667,0.933333,0.345229,0.570059,0.984277,0.00832692
1,0.666667,1,0.363333,0.545556,0.98,0
1,0.733333,0,0.763333,0.723333,0.713333,0
1,0.733333,0.0666667,0.70617,0.735606,0.758902,0.00738561
1,0.733333,0.133333,0.688343,0.729627,0.77662,0.00743526
1,0.733333,0.2,0.670515,0.723646,0.794335,0.00748503
1,0.733333,0.266667,0.652687,0.717665,0.812049,0.00753522
1,0.733333,0.333333,0.634859,0.711682,0.829761,0.00758547
1,0.733333,0.4,0.61703,0.7057,0.847472,0.00763643
1,0.733333,0.466667,0.599202,0.699716,0.865181,0.00768709
1,0.733333,0.533333,0.581373,0.693731,0.882889,0.00773817
1,0.733333,0.6,0.563544,0.687746,0.900596,0.00778896
1,0.733333,0.666667,0.545715,0.681759,0.918302,0.00784039
1,0.733333,0.733333,0.527886,0.675772,0.936007,0.00789165
1,0.733333,0.8,0.510056,0.669784,0.95371,0.00794357
1,0.733333,0.866667,0.492227,0.663795,0.971413,0.00799531
1,0.733333,0.933333,0.474397,0.657806,0.989115,0.00804791
1,0.733333,1,0.496667,0.634444,0.98,0
1,0.8,0,0.83,0.79,0.78,0
1,0.8,0.0666667,0.777299,0.803774,0.821146,0.00736761
1,0.8,0.133333,0.763931,0.799293,0.834438,0.00740218
1,0.8,0.2,0.750564,0.794811,0.847729,0.00743634
1,0.8,0.266667,0.737195,0.790329,0.86102,0.00747144
1,0.8,0.333333,0.723827,0.785847,0.874309,0.00750613
1,0.8,0.4,0.71046,0.781363,0.887598,0.00754023
1,0.8,0.466667,0.697091,0.77688,0.900886,0.00757527
1,0.8,0.533333,0.683723,0.772396,0.914173,0.00761026
1,0.8,0.6,0.670355,0.767912,0.92746,0.00764531
1,0.8,0.666667,0.656986,0.763427,0.940746,0.00768089
1,0.8,0.733333,0.643617,0.758943,0.954031,0.007716
1,0.8,0.8,0.630248,0.754457,0.967316,0.00775146
1,0.8,0.866667,0.61688,0.749971,0.9806,0.00778639
1,0.8,0.933333,0.603511,0.745485,0.993884,0.0078221
1,0.8,1,0.63,0.723333,0.98,0
1,0.866667,0,0.896667,0.856667,0.846667,0
1,0.866667,0.0666667,0.848425,0.871939,0.883387,0.00735271
1,0.866667,0.133333,0.839514,0.868954,0.892251,0.00737458
1,0.866667,0.2,0.830605,0.865968,0.901114,0.00739509
1,0.866667,0.266667,0.821694,0.862982,0.909977,0.00741661
1,0.866667,0.333333,0.812784,0.859996,0.918839,0.00743836
1,0.866667,0.4,0.803874,0.857009,0.927702,0.00745881
1,0.866667,0.466667,0.794964,0.854023,0.936564,0.00748032
1,0.866667,0.533333,0.786053,0.851037,0.945426,0.00750268
1,0.866667,0.6,0.777143,0.84805,0.954287,0.00752378
1,0.866667,0.666667,0.768233,0.845063,0.963148,0.00754505
1,0.866667,0.733333,0.759323,0.842076,0.972009,0.00756633
1,0.866667,0.8,0.750411,0.839089,0.98087,0.00758898
1,0.866667,0.866667,0.741501,0.836101,0.98973,0.00761008
1,0.866667,0.933333,0.73259,0.833114,0.99859,0.00763232
1,0.866667,1,0.763333,0.812222,0.98,0
1,0.933333,0,0.963333,0.923333,0.913333,0
1,0.933333,0.0666667,0.910325,0.940476,0.946,0.00856429
1,0.933333,0.133333,0.905869,0.938982,0.950431,0.00857574
1,0.933333,0.2,0.901413,0.937489,0.954863,0.00858665
1,0.933333,0.266667,0.896957,0.935995,0.959294,0.0085988
1,0.933333,0.333333,0.892501,0.934501,0.963726,0.00861055
1,0.933333,0.4,0.888045,0.933008,0.968157,0.00862211
1,0.933333,0.466667,0.883588,0.931514,0.972588,0.00863373
1,0.933333,0.533333,0.879133,0.93002,0.977019,0.008645
1,0.933333,0.6,0.874676,0.928526,0.98145,0.00865704
1,0.933333,0.666667,0.87022,0.927032,0.985881,0.00866926
1,0.933333,0.733333,0.865764,0.925539,0.990313,0.00868094
1,0.933333,0.8,0.861307,0.924045,0.994743,0.0086928
1,0.933333,0.866667,0.856851,0.92255,0.999174,0.00870436
1,0.933333,0.933333,0.854866,0.920757,1,0.00624526
1,0.933333,1,0.896667,0.901111,0.98,0
1,1,0,1,0.99,0.98,0
1,1,0.0666667,1,0.99,0.98,0
1,1,0.133333,1,0.99,0.98,0
1,1,0.2,1,0.99,0.98,0
1,1,0.266667,1,0.99,0.98,0
1,1,0.333333,1,0.99,0.98,0
1,1,0.4,1,0.99,0.98,0
1,1,0.466667,1,0.99,0.98,0
1,1,0.533333,1,0.99,0.98,0
1,1,0.6,1,0.99,0.98,0
1,1,0.666667,1,0.99,0.98,0
1,1,0.733333,1,0.99,0.98,0
1,1,0.8,1,0.99,0.98,0
1,1,0.866667,1,0.99,0.98,0
1,1,0.933333,1,0.99,0.98,0
1,1,1,1,0.99,0.98,0
